Aaron Lamb,Aaron Lambe
Aaron Mata,Aaronn Mata
Abel Burciaga,Abel Buriciaga
Adam Melnik,Adam Melnick
Adam Nagele,Adam E Nagele,A. Nagele
Adam Ramzy,Adam Ramsay
Adrian Ninaber,Adrian Ninaver,Adrian Ninabar
Adrian Pena,Adrain Pena
Adrien Lalchere,Adriene Lalchere
Åge Berntsen,Age Berntsen
Aidan Reynolds,Aiden Reynolds
Aimee Mergaert,Aimee Margaert
AJ Hesser,Aj Hesser
Alan Boudreault,Allan Boudreault
Alana Olivieri,Alana Oliveri
Alastair Baillie,Alistair Baillie
Alastair MacNicol,Alistair MacNicole,Alastar MacNicol,Alastair Macnicol
Aleksandr Naumov,Alexandr Naumov,Alexander Naumov
Alex Cuevas,Alex Cueves
Alex Drolc,Alec Drolc
Alexander Chekachkov,Oleksandr Chekachkov,Aleksandr Chekachkov
Alexander Klyushev,Alexandr Klyushev,Aleksandr Klyushev
Alexandre Pelletier,Alexandre Pellletier,Alexand Pelletier
Alicia Troxtell,Alicia Traxtell
Alison Crowdus,Allison Crowdus
Allan Gallant,Alan Gallant
Amber Mesik,Amber Mesic
Amir Fazeli,Amar Fazeli
Ana Kneževic,Ana Knezevic
Andi Carlisle,Andi Carlise
André Midtby,Andre Midtby
Andre' Easter II,Andre Easter,Andre'' Easter,Andre' Easter
Andrei Oudovikine,Andrey Oudovikine,Andrei Oudovekine,Andre Oudovikine,Andrei Oudovikiu
Andrew DiLaurenzio,Andrew Dilaurenzio
Andrew Ottaway,Drew Ottaway
Andrey Grebenetsky,Andre Grebenetsky
Andriy Naniev,Andrii Naniev
Andy Zhmurovsky,Andy Zhmarovsky
Angel Tejeda,Angel Tejada
Angela Desjarlais,Angela Dejarlais
Anna Khudayarov,Anna Khudayarova
Anne Mari Clausen,Mari Clausen Anne
Annemarie Kemmerer,Annmarie Kemmerer
Annette Axt,Annettee Axt
Anthony Hobaica,Anthony Hobica
Anthony Loreto,Anthony Loretto
Anthony Oliveira,Anthony Oliverra,Anthony Olivera,Anthony Oliveria,Anthony Oliviera
Anthony Tsang,Antony Tsang
Antonio Machuca,Antonio Machoca,Antonio Machucca
Artem Stasyuk,Artem Stasiuk,Artyan Stasyuk
Asbjørn Randen,Asbjorn Randen
Audunn Jonsson,Audun Jonsson
Austen Flores,Austin Flores
Austin Felan,Austin Felann
Austin Kelly,Austin Kelley
Austin Schrader,Austin Schraeder
Austin Soto,Agustin Soto
Bailey Kurtz,Baily Kurtz
Bakhtiyar Guliyev,Bakhtiyar Guliev
Barry Moores,Barry Moore
Ben Dietze,Ben Dietz
Ben McNeill,Ben MacNeill
Ben Meyers,Ben Myer,Ben Meyer
Ben Wolz,Ben Wollz
Benjamin McTackett,Benjamin Mctackett
Bianca Dixon,Bianca Dixson
Bianca Lagamon,Bianca Lagamin
Bill Tenerelli,William Tenerelli
Billy Mimnaugh,Bill Mimnaugh
BJ Alvarado,Bj Alvarado
BJ Mottu,Bj Motty,Bj Motto,Bj Mottu
BJ Peterson,Bj Peterson
BJ Sculark,Bj Sculark
BJ Whitehead,Bj Whitehead
Blaine LeBlond,Blaine Leblond,Blain Leblond
Blanca Rios,Blanca Rois
Bob Zappolo,Bob Zapplo
Bonica Lough,Bonica Brown
Brad Kleefeld,Brad Klefeld,Brad Kloefeld
Brad Liesch,Brad Liech
Brad Olson,Brad Olsen
Brad Wilson,Brad Willson
Bradley Schofield,Bradley Schofild
Brad Slining,Bradley Slining,Bradley Slinning
Brantley Thornton,Brantly Thorton
Breann Thiessen,Breann Theissen,Brean Thiessen
Brendon Williamson,Brendan Williamson
Brett Kirchner,Brett Kirchener
Brian Carroll,Brian Carrolls
Brian Desjarlais,Brian Dejarlais,Brain Dejarlais
Brian McShane,Brian Mcshane
Brian Propst,Brain Propst
Brianna Morrison,Bri Morrison
Brittainy Chown,Britainy Chown
Brittany Flores,Brttany Flores
Brittinay Rowland,Brittany Rowland
Brodie Blankenship,Brody Blankenship
Brónagh McPeake,Bronagh McPeake,Bronagh Mcpeake
Bryan Doberdruk,Brian Doberdruk
Bryan McNeill,Bryan Mcneill
Bryana Washington,Bryanna Washington
Bryce Krawczyk,Bryce Krawzyk
Bryden Wilson,Brayden Wilson
Bryon Brubaker,Bryan Brubaker
Byron Monstur,Byron Monster,Byron Monstor
C David Hester,C. David Hester
Caleb Johnson,Kaleb Johnson
Caleb Scott,Kaleb Scott
Caleb Smith,Calob Smith,Kaleb Smith
Calli Owens,Calli Ownes
Cameron McKenzie,Cameron Mckenzie
Cameron Williams,Cammeron Williams
Candi Williams,Candi Willisams
Carley Skarupinski,Carley Skrupinski
Carlo Melendez,Carlos Melendez
Carly Nogle,Carly Nagle,Carley Nogle
Carolyne Lepage,Caroline Lepage
Carolyne Savage,Carolyn Savage
Cary Soloyna,Cary Suluyna,Caery Soloyna
Caterine González,Caterine Gonzalez
Catherine Sorrenson,Catherine Sorenson
Chad Falk,Chad Folk
Charles Galasso,Charlie Galasso
Chase Benavides,Chase Benevides
Chris Balance,Chris Ballance
Chris Bridgeford,Chris Bridgford
Chris Della Fave,Chris DellaFave,Chris Dellafave,Christopher Della Fave
Chris Lentini,Chris Lentino
Chris Neal,Chris Neil,Chris Nei
Chris Pappillion,Chris Papillion
Chris Spegal,Chris Spiegal
Chris Stamatiou,Chris Stamatou,Critta Stamatiou
Christie Civetta,Cristie Civetta
Christine McKee,Christine Mckee
Christopher Karmin,Chris Karmin
Christopher McKenzie,Christopher Mckenzie
Christopher Spereno,Christoper Spereno
Christyan Marzullo,Christian Marzullo
Chuck Brunson,Chuck Brenson
Cindy Amatuzzo,Cindy Amotuzzo
CJ Medina,Cj Medina
Clair Angel,Claire Angel
Clay Tawzer,Clay Tauzer
Clayton Puricelli,Clayton Puricells
Cliff McDowell,Cliff Mcdowell
Codi Casper,Cody Casper
Collin Chesson,Colin Chesson
Collin Curtiss,Collin Curtis
Collin Rhodes,Colin Rhodes
Conner Sharp,Connor Sharp
Connor Hoagland,Conor Hoagland
Conrad Davies,Conrad Davis
Contessa Lai,Contessia Lai
Corey Britton,Corey Brittow
Corey Miceli,Coery Micelli,Corey Micelli
Cory Dexter,Corey Dexter
Coy Jorden,Coy Jordan
Cryssa Dragon,Cyra Dragon
Crystal Tate,Crystal J. Tate
Cullan Zampell,Cullen Zampell
Cynthia StClair,Cynthia Stclair
Cyprian Thompson Jr,Cyprian Thompson,CJ Thompson
Daizion Carroll,Daizon Carroll
Dalbir Roopra,Dalbir Roopa
Dale McLaren,Dale Mclaren,Dale McLarren
Dalton Adkins,Dalton Adkin
Damian Camacho,Damion Camacho,Dameon Camacho
Dan Dudgeon,Daniel Dudgeon
Dan Lindquist,Dan Linquist,Daniel Lindquist
Dan Steltenkamp,Dan Steltencamp,Dan Stelltencamp
Dana Linn Bailey,Dana Bailey
Dana Sandler,Dana SanDLer
Daniel Bell,Dan Bell
Daniel Bomysoad,Daniel Bomysuad
Daniel Martinez,Danny Martinez
Daniel SooHoo,Daniel Soohoo
Danielle Overcash,Dani Overcash
Daniil Naumov,Daniel Naumov,Danil Naumov
Danny Grigsby,Danny Grisby
Darren Veal,Daren Veal
Darren Weatherbie,Darren Weatherbee
Darrin Wilber,Darrin Wilbur
Darwin Eckstrom,Darwin Ekstrom
Dave Bolton,Dave Boulton
Dave Jastrubecki,Dave Jasatrubecki
Dave Pigozzo,Dave Piggozzo,Dave Pogozzo
David Bennett,David Bennet
David MacDonald,David Macdonald
David Muñoz,Davud Munoz,David Munoz
David Opare-Addo,David Opare-addo
David Utermahlen,David Utermahlon
David Vaughan,David Vaughn
David Verzwyvelt,David Verzwyvett
David Williams,David Wiliams
David Wolf,David Wolfe
Dean McGarry,Dean Mcgarry
Dejuan Garland,DeJuan Garland
Demiree Durkin,Demi Durkin
Denis Ryadinskiy,Denis Ryadinsky
Denise Thomas,Denise Thomes
Dennis Montembault,Dennis Montenbault
Derek Parish,Derek Parrish
Derek Winans,Derek Winas
Desonio Powell,Desonio Powelll
Devin Benoit,Devin Beniot
Diane Richard,Diane Richards
Dizon Rodriguez,Dizon Rodriquez
DJ Martinez,Dj Martinez
DJ Petties,Dj Petties
Dmitry Shvedov-Viardo,Dmitriy Shvedov-Viardo
Dominic Cadden,Domenic Cadden
Dominic Rodriguez,Dominic Rodriquez
Donald Carrieres,Donald Carriers
Donald Eguires,Donald Equires
Dušan Jovanović,Dusan Jovanovic,Dusan Jovanović
Dustin Colgan,Dustin Colgon
Dustin McClure,Dustin Mcclure
Dustin Minks,Dustin Mink
Dustin Slepicka,Dustin Slepica
Dustin Washington,Dustin Washinton
Dyllan Maldonado,Dyllan Maldonaldo,Dylan Maldonado
Ed Koo,Eddie Koo
Eddie Lone Eagle,Eddie LoneEagle,Eddie Loneeagle,Edward LoneEagle
Eduard Dmitriev,Eduard Dmitriyev
Elda Negrete,Elda Nagrete
Elena Astello,Alena Astello
Elgie Kightlinger,Elgie Kightliner
Elias Sanchez,Eli Sanchez,Eli Sanches
Elias Terrazes,Elias Terrazas
Elizabeth Anderson,Elizibeth Anderson
Ella Lowenberg,Ella Lowenburg
Ellie Steel,Ellie Steele
Elliot Zibli,Elliott Zibli
Emilija Jovanović,Emilija Jovanovic
Emily DeMorest,Emily Demorest
Enrique Molina,Enrque Molina
Eric Gagnon,Éric Gagnon
Eric Gutierrez,Erick Gutierrez
Eric Hernandez,Eric Hernadez
Eric Hinojosa,Eric Hiinojosa
Eric Neil,Erik Neil
Eriek Nickson,Ereik Nickson,Erick Nickson,Eriek Nixson
Erik Røen,Erik Roen
Esther Theisen,Ester Theisen
Ethen Norton,Ethan Norton
Eugene Barry,Egene Barry
Everado Araujo,Everardo Araujo
Exson Rodriguez,Exson Rodriquez
Federico Ruiz Jr,Fedrico Ruiz Jr
Floreano Domenici,Floriano Domenici
Florian Loock,Florin Loock,Florien Loock
Floytavius Green,Floytabius Green
Forest Holt,Forrest Holt
Frances Báez,Frances Baez
François Cazes,Francois Cazes
Frank Williams,Frank Willams
Franki Spell,Frankl Spell
Frankie Murrieta,Frankie Murriata,Francisco Murrieta,Frankie Murrietta
Gabrielle Mamani,Gabrielle Tucker
Gaby Hajnasr,Gabby Hajnasr
Gage Bush,Gage Bash
Garrett Blevins,Garret Blevins
Garrett Danze,Garrett Danzey,Garrett Danzie
Garrett Holcombe,Garrett Holcomb,Garret Holcombe
Garrette McGee,Garrette Mcgee
Garrick Carmenatty,Garrick Carmenattyy
Gary Grissinger,Gary Grisinger
Gary Krueger,Gary Kruger
Gary Lacoursiere,Gary Lacoursier,Gary Lacourseiere
Gawain Johnstone,Gawain Johnston
Gehad Quraan,Gehad Quran
Geir Sommerseth,Geir Sommerset
Genevieve Betro,Geneieve Betro
George Boldissar,George Boldisar
George Sobetsky,Gerorge Sobetsky
Georges Labrecque,George Labrecque
Gerhard Duprie,Gerard Duprie
Gibby Chasse,Gibby Chase
Gilibaldo Garcia,Gilibalda Garcia
Gillian Ward,Gillian Mounsey Ward,Gillian Mounsey-Ward
Glen Cormier,Glenn Cormier
Glen Pfleegor Jr,Glen A. Pfleegor Jr,Glenn Pfleegor
Glen Waters,Glenn Waters
Glenn Pedreira,Glen Pedreira
Glenn Read,Glen Read
Glyn Moore,Glynn Moore
Gordon Santee,Gorden Santee
Graham McDonald,Graham Mcdonald
Greg Doucette,Greg Doucett
Greg Eckard,Greg Eckerd
Gregg Damminga,Greg Damminga
Gunnar Lorentzen,Gunnar Lorentsen
Gunnar Østby,Gunnar Östby,Gunnar Ostby
Gunnar Skogstad,Gunnar Skogastad
Gwenn Culbertson,Gwen Culbertson
Håkon Jacobsen,Haakon Jacobsen
Håkon Stusvik,Håkoen Stusvik
Harriet Hall,Harriett Hall
Harrison Conner,Harrison Connor
Hassan El Belghiti,Hassan El Belghitti
Hazel Hu,Hazeline Hu
Heather Connor,Heather Conner
Heather Osswald,Heather Oswald
Hege Henriksen Bubandt,Bubandt Hege Henriksen
Helen Allen,Helen Allan
Henry Gerard,Henery Gerard
Hunter MacPherson,Hunter McPherson
Ignatius DeFranco,Ignatious DeFranco,Ignatus DeFranco
Ilya Kokorev,IIya Kokorev,Iliya Kokorev
Ilyes Boughalem,Ilyas Boughalem
Inna Filimonova,Anna Filimonova
Irina Petrovich,Iryna Piatrovich,Iryna Pratrovich
Israel DelaCruz,Israel Delacruz,Isreal DelaCruz
Ivan Dominguez,Ivan Domnguez
Jack Sandomierski,Jack Sandomerski
Jacob Collier,Jacob Coller
Jacob Oakenfull,Jacob Oakenful
Jacob Rothenberg,Jacob Rothenburg,Jacob Rothenberger
Jacqueline Feher,Jaqueline Feher
Jacques Potvin,Jacque Potvin
Jake Hartman,Jacob Hartman
Jamarr Royster,JamaRR Royster
Jamey Grotjahn,Jamey Grotjohn
Jamie Connolly,Jamie Connelly,Jamie Conolly
Jan Monstad,Jan Monstan
Janet Warne,Janet Waren,Janette Warne
Janis Finkelman,Janis Finkleman
Jared Defanti,Jared Defaniti
Jarred Benitez,Jared Benitez
Jasmin Higgs,Jasmine Higgs
Jason DaViera,Jason Daviera
Jason Kowalewski,Jason Kowaleswki
Jason Marentette,Jason Marrenette
Javier Olivera,Javier Oliver
Jay Brueggeman,Jay Brueggman,Jay Brueggemen
Jayson McNett,Jayson Mcnett
JB Hill,J.B. Hill,J. B. Hill
JC Pedroza,Jc Pedroza
JD Brown,Jd Brown
JD Esquivel,Jd Esquivel
JD Rojas,Jd Rojas
JD Zapata,Jd Zapata
Jean Francois Vinot,Francois Vinot Jean
Jean Paul Belmas,Paul Belmas Jean
Jeanine Whittaker,Jeanine Whitaker,Jennine Whittaker
Jeannette Gevers,Jeanette Gevers
Jeff Carlin,Jeff Carln
Jeff Claybo,Jeff Clabo
Jeff Gallant,Jeff Galant
Jeff McVicar,Jeff Mcvicar
Jeff Miller,Jeffrey Miller
Jeff Younker,Jeff Yonker
Jennifer McConnell,Jennifer Mcconnell
Jennifer Willcock,Jennifer Wilcock
Jeremy Fischer,Jeremy Fisher
Jeremy Lundgren,Jeremy Lundgron
Jeremy Scruggs,Jeremey Scruggs
Jerica Nichols,Jericha Nichols
Jerriann Doll,Jerrian Doll,Jeriann Doll
Jerry Marentette,Jerry Marantette,Jerry Marenette
Jesse Lanuevo,Jesse Lanvuevo
Jesse Luczyk,Jesse Lyczyk,Jesse Lucyzk
Jessica Benedetto,Jessica Benedeto
Jessica Thériault,Jessica Theriault
Jessie Ablang,Jesse Ablang
Jett Jordan,Jet Jordan
Jill MacFarlane,Jill Macfarlane,Jill McFarlane
Jim Merchlewitz,Jim Merchlewiz
Jim Nicolosi,Jim Nicolosl
Jimmy Doyle,James Doyle
Jiovanny Rubio,JIovanny Rubio
Joanne Greagen,Joanne Greagan
Joe Bernazzani,Joe Bernazzai
Joe Greene,Joseph Greene
Joe Iriberri,Joey Iriberri
Joe Sullivan,Joe Sullivan Jr,Joseph Sullivan
Joël Boulianne,Joel Boulianne
Joel DiBattista,Joel Dibattista
John Grosulak,John Groslak
JoJo Brasseaux,Jo Jo Brasseaux
Jon Chandler,John Chandler
Jon Gruden,Jon David Gruden,Jon David Gruden II
Jon Shackelford,Jon Shakelford
Jon Wemple,Jon Wimple,John Wemple
Jonathan Byrd,Jonathon Byrd
Jonathan Cordova,Johnathan Cordova
Jonathan Cotton,Jonathen Cotton
Jonathan Diaz,Johnathan Diaz
Jonathan Gonzalez,JoNathan Gonzalez,Johnathan Gonzalez
Jonathan Harder,Johnathan Harder,Jonathon Harder,John Harder
Jonathan Huczko,Jonothan Huczko
Jonathan Jazwinski,Jonthan Jazwinski
Jonathan Lwowski,Jonathan Lwawski
Jonathen Villavicencio,Johnathen Villavicencio
Jonny Gardner,Jonathan Gardner
Jøran Langset,Joran Langset
Jordan Alexander,Jordan Cash
Jordan Glenn,Jorden Glenn
Jordan Jarrell,Jordan Jarrel
Jordan Lewandowski,Jordan Lewondowski
Jordan Wong,Jourdan Wong
Jorge Cavazos,Jorge Cavasos
Jorge Shelhamer,Jorge Shechamer
Jorma Hietamäki,Jorma Hietamaki
Jose Maldonado,Jose Maldanado
Jose Rodriguez,Josue Rodriguez
Joseph Lipanovich,Joseph Liponovich
Joseph Mallit,Josheph Mallit
Joseph Peña,Joseph Pena
Joseph Sonntag,Joseph Sonntagg
Josh Lentz,Josh Lenz
Josh Winterrowd,Josh Winterrow
JP Garcia,Jp Garcia
JP Richard,Jp Richard
JR Castillo,Jr Castillo
JR Paiz,Jr Paiz
JR Viesca,Jr Viesca
JT Abshire,Jt Abshire
Julian Rodriguez,Julian Rodriquez
Julian Van Der Zanden,Julian Van der Zanden
Juliana Gamble,Julianna Gamble
Junko Kitamura,Junko Kitamuro
Justin Edgin,Justinn Edgin
Justin Gipson,Justin Gibson
Justin Tripp,Justin Trip
Kaleb Murray,Caleb Murrary,Caleb Murray
Kalle Räsänen,Kalle Rasanen,Kalle Ransanen
Kalob Barho,Calob Barho
Kåre Auglænd,Kåre Augland
Kåre Holte,Kare Holte,Kaare Holte
Kareen Burgoyne,Kareen Burgyoyne
Karl Farquharson,Karl Farquarson
Karyne Turcotte,Karine Turcotte,Karene Turcotte,Karyne Turcott,Karynne Turcotte
Kate Murawski,Katherine Murawski
Katherine Dell,Kathrine Dell
Kathrine Hoås,Katrine Hoas
Kayleigh Tokash,Kayleigh Tokassh
Kaylie Ball,Kayle Ball
Kelli Clarke,Kellie Clarke
Kelvin Aitken,Kelvin Aitkin
Ken Tawzer,Ken Tauzer
Ketil Borgevad,Ketil Bergevad
Kevin Anderson,Kevin Andersen
Kevin Johnson,Kevien Johnson
Kevin Jordan,Kevin Jorden,Kevin Jordon
Kevin Nieznanski,Kevin Nieznaski
Kevin Stirling,Kevin Sterling
Kevin Welch,Kevin Welsh
Kevin Xiong,Keven Xiong
Khashayar Farzam,Khashayer Farzam
Kieren Mastrolembo,Kieren Mastrolemb
Kim Tran,Kim Valentine
Kimberly Nash,Kimberely Nash
Kiss Anett,Kiss Anett Dr.
Kjell Egil Bakkelund,Egil Bakkelund Kjell
Kjell Skybak,Kjell Skyback
Klausmeine Banda,Klausmeime Banda
Kody Johnson,Cody Johnson
Kolbi Foster,KolBi Foster
Kristina Kanemoto,Kristine Kanemoto
Kyler McBlane,Kyler McBlaine
Lachlan Rickards,Lachlan Richards
Lamonte Williams,Lamont Williams
Lana Siejkowski,Lana Seijkowski
LaRodrick Duncan,Larodrick Duncan,LaRodic Duncan
Larry Manly,Larry Manley
Larysa Soloviova,Larysa Solovyova
Laura McCaulley,Laura Mccaulley
Laura McGuill,Laura McGill
Laura Phelps-Sweatt,Laura Phelps
Laurence Scott,Lawrence Scott
Laurie Greenidge,Lawrie Greenidge,Lauarie Greenidge,Laurie Grennidge
Lee Anne Dwarte,Lee Ann Dwarte
Lee Lichtle,Lee Lichetle
Lee Wilcoxon,Lee Wilcoxen
Lena Sjøl,Lena Sjoel
Lenae Cartwright,Lanae Cartwright
Léo Hollier,Leo Hollier
Leon McLean,Leon Mclean
LeRoy Walker,Leroy Walker
Les Kiss,Less Kiss
Letitia Marien,Letita Marien
Lewis Noppers,Lewis Nopper
Linda Hanson,Linda Hansen
Linda Pulsan,Linda Pulsen
Linda Rousseau,Linda Rouseau
Lindsey Craft,Lindsay Craft
Lindsey Ryiz,Lindsay Ryiz
Lisa Guggisberg,Lisa M. Guggisberg,Lisa Guggisaberg
Lisa Houston,Lisa Housten
Logan Kobernusz,Logan Kebernusz
LS McClain,Ls McClain
Lucas Franchuk,Lucas Franchuck
Lucas Tetreault,Lucas Tetrault,Lucs Tetreault
Lucian York,Lucion York
Luke Dreier,Luke Drier
Lydia Brown,Lidia Brown
Lyndsay Bramble,Lindsey Bramble
Lynne Homan,Lynn Homan
Lynne Renshaw,Lynn Renshaw
Lyudmila Gaiduchenko,Ludmyla Gayduchenko,Ludmila Gaiduchenko
Mac DeCaprio,Mac Decaprio
Madai Nguyen,Madai Robles
Maksim Silaev,Maksim Silayev
Malinda Baum,Melinda Baum
Marcus Skypas,Marcus Skypass
Marie Christine Liege,Christine Liege Marie
Marie France Cabos,France Cabos Marie
Marina Cornwall,Marina Cornwell
Marino Bortolussi,Marino Bartolussi
Marion Falla,Marion Fella
Mark Chieco,Mark Cheico
Mark Cucinella,Mark Cuchinella
Mark Finochio,Mark Finnochio,Mark Finochiio,Mark Finchio
Mark MacPhail,Mark McPhail,Mark Macphail
Mark Sustaita,Mark Sustuita
Markus Karner,Margus Karner
Marky Fonseca,Mark Fonseca
Martin Borgland Rønning,Martin Roenning
Martin Walsh,Martin Walch
Matao Jacinto,Mateo Jacinto
Mathieu Laliberté,Mathieu Laliberte
Matt Fryfogle,Matt FryFogle
Matt Houser,Matthew Houser
Matt McAnulty,Matthew McAnulty,Matt Mcanulty
Matt Mitchell,Matthew Mitchell
Matt Muccigrosso,Matt Mucigrosso
Matt Scroggin,Matt Scroggen,Matthew Scroggin
Matt Sohmer,Matthew Sohmer
Matthew Auslander,Matthew T Auslander,Matt Auslander
Matthew Cortez,Matthew Cortoz
Matthew Cosmo,Mathew Cosmo
Matthew Davis,Mathew Davis,Matt Davis
Matthew LaPierre,Matthew Lapierre
Matthew Ortiz,Matt Ortiz
Matthew Rachinski,Matthew Rachinksi,Matthew Rashinski
Matthias Skillecorn,Mathias Skillcorn,Matthias Skillicorn
Maureen Bornbaum,Maureen Barbetta Bornbaum
Mckenzie Stansell,Mckenzie Stansall
Meggan Hunott,Megan Hunott
Meghan Pellatt,Mechan Pellatt
Melanie Papagiannopoulos,Melanie Papagianopoulos
Melanie Robichaux,Mealanie Robichaux
Melissa Reyes,Melissa Reys
Melissa Squires,Mellissa Squires
Melton Menjivar,Menjivar,Milton Menjivar
Melvin West,Tahir West
Mervi Sirkiä,Mervi Sirkia
Michael Armendariz,Michael Armerdariz,Michael Armendarit
Michael Garozzo,Michael Garazzo
Michael Holyfield,Mchael Holyfield
Michael McCoy,Michael Mccoy
Michael Parrella,Michael Parella
Michael Pennington,Mike Pennington
Michael Sapudar,Michael Sapadar
Michael Valentino,Michael Valentio
Michael Womelsdorf,Mike Womelsdorf
Michael Zivanovich,Mike Zivanovich
Michael Zundelevich,Mike Zundelevich
Michel Lebrun,Michel LeBrun
Michelle MacDonald,Michelle Macdonald
Mike Adameit,Mike Admeit
Mike Bishop,Michael Bishop
Mike Dickinson,Mike Dickenson
Mike Farr,Michael Farr
Mike Gabbey,Mike Gabby
Mike Loder,Mike Loader
Mike McGivern,Mike Mcgivern
Mike Womack,Michael Womack
Mikhail Shivlyakov,Mikhail Shivlayakov
Mindy Underwood,Mindi Underwood
Minh Nguyen,Mihn Nguyen
Miriam Schwabe,Mariam Schwabe
Miroslav Koprnicky,Miroslav Koprnicka,Miroslav Kopernicky,Miroslav Koprnicay,Miroslav Koprinicky,Miroslav Kprrnicky
Mitchell Deskis,Mitch Deskis
Mohamad Arnaout,Mohamed Arnaout
Mohamed Bouafia,Mohammed Bouafia
Morten Andreassen,Morten Andersen
Nandi Xie,Nandie Xie
Natalie Barrera,Natalie Berrera
Natalie Montoya,Natlie Montoya
Natalie Nikiforuk,Natalie Nikoforuk
Natasha Mclean,Natasha McLean
Nate McLaughlin,Nate Mclaughlin
Nathalie Moen Balhald,Nathalie Balhald,Nathalie Inez Moen Balhald
Nathan Christensen,Nathan Christenson
Nathan MacQuarrie,Nathan McQuarrie
Nathan Nord,Nathen Nord
Nathan Silva,Nathan Silvas
Nathan Wright,Nathaniel Wright
Nathaniel Jordan,Nathanial Jordan
Nathaniel McRae,Nathaniel Mcrae
Neeairus Withers,Neearius Withers,Nearius Withers,Neairus Withers
Neil Fleming,Neil Flemming
Neil Fletcher,Neal Fletcher
Neil MacIsaac,Neil MacIsacc,Neil MacIssac,Neil McIssac
Nello Miele,Nello Mielie
Nev Shoesmith,Nev Showsmith
Nevenka Crnogorcević,Nevenka Crnogorcevic
Nicholas Gutierrez,Nicholas Gutiererez,Nick Gutierrez
Nicholas Hadjistavropoulos,Nicholas Hadjistarropoulos
Nicholas Murphy,Nicholas T Murphy
Nicholas Donte McCoy,Nicholas McCoy,Nicholas Mccoy,Nicholas Donte Mccoy
Nicholas Tribbia,Nicolas Tribbia
Nick Best,Nicholas Best
Nick Moffitt,Nick Moffit
Nickolai Schneckloth,Nickolai Schnekloth
Nicole de Mello,Nicole De Mello
Nicole Lamartine,Nicole Lamartime
Nicole LeBlanc,Nicole Leblanc
Nicole Petro Kurant,Nicole Petro
Nicole Rodriguez,Nicloe Rodriguez
Nikolai Bugaenko,Nikolay Bugaenko
Nissette Gray,Nisette Gray
Noel Gragasin,Noel Gragusin
Nyrel Allen,Nyrel SC Allen
Octavius Vera,Octavious Vera
Odie De La Rosa,Odre De La Rosa
Ogden J Myklebust III,Ogden Myklebust,Ogden Myklebust III
Ogechi Akalegbere,Ogechi Akalagbere,Ogechi A Akalegbere
Oleg Bazilevich,Oleg Bazlevych
Olivia McConnell,Olivia Mcconnell
Onkar Sandhu,Onkar Sandu
Øystein Aas,Oystein Aas
Øyvind Brennset,Øyvind Brennseth
Ozzie Hyppolite,Ozzie Hypplite,Ozzie Hypolite
Pål Guddal,Pal Guddal
Patrick Jeffries,Patrick Jefferies
Patrik Turesson,Patrick Turesson
Paul Campbell,Paul Cambell
Paul Childress,Paul Childers
Paul Francis,Paul Frances
Paul McDonald,Paul Mcdonald
Paul Tesoriero,Paul Tessoriero
Pavel Balažik,Pavel Balazik
Perry Ellis Jr,Perry Ellis
Pete Grohoski,Pete Grohowski
Pete Williams,Peter Williams
Peter Nickless,Pete Nickless
Peyton McCormick,Payton McCormick,Peyton Mccormick
Phil Menzie,Phil Menzies
Philippe Bjerring,Phillip Bjerring,Phillipe Bjerring
Phillip Brewer,Philip Brewer
Phillip Brown,Philip Brown
Phillip Williams,Philip Williams
Quinton LaBorde,Quinton Laborde
Rachael Turgeson,Rachal Turgeson
Raelene Marion,RaeLene Marion
Ragna Gudbrandsdottir,Kr. Gudbrandsdottir Ragna
Ragnheidur Sigurdardottir,Kr Sigurdardottir Ragnheidur
Raimo Hiisiö,Raimo Hiisio
Raphael Nguyen,Raphael Ngyen
Rebecca Anthony,Rebbecca Anthony
Réjean Talon,Rejean Talon
Rémy Dufour,Remy Dufour,Rémi Dufour
Rene Maldonado,Rene Maldonando
Rex Parsons,Rex Parson
Rhaea Fowler,Rhea Fowler
Riccardo Ciarrocchi,Riccardo Ciarocchi,Ricardo Ciarrocchi,Riccardo Ciarrochi
Riccardo Magni,Ricardo Magni
Richard Hawthorne,Richard Hawthrone
Richard McIlwaine,Richard Mcilwaine
Rick Evans,Rick Evens,Rich Evans
Rick Morrissette,Ricky Morrissette
RJ Conte,Rj Conte
RJ Galan,Rj Galan
Rob Synnott,Rob Synnot
Robert Clark,Robert Clarke
Robert Hanssen,Robert Hansen
Robert Mouton,Robert Moutin
Robert Øren,Robert Oren
Robert Taylor,Rob Taylor
Robin Johnson,Robin Johanson
Robyn Blankenship,Robyn Blankinship
Robyn Ripley,Robin Ripley
Roger McCuller,Roger Mcculler
Roland Stevens,Rowland Stevens
Roman Nagornyy,Roman Nagorny
Ross Leppala,Ross Lappala
Roy McLean,Roy Mclean
Rudy Privé,Rudy Prive
Ryan Beatty,Ryan Beatly
Ryan Girard,Ryan Gerard
Ryan MacLellan,Ryan Maclellan
Ryan Nagele,R. Nagele
Ryan Silverson,Ryan Silverston
Ryan Strang,Ryan Strange
Ryan Villareal,Ryan Villarreal
Ryhor Tsiareshchanka,Ryhor Tsiareshshanka
Salvatore Christopher,Salavatore Christopher
Sam Arsenault,Sam Arseneault
Sam Zerega,Sam Zarega
Samantha Hernandez,Samatha Hernandez
Sammi Johnson,Sammi-Jo
Sandy Tepper,Sandy Pepper
Sane Faatoe,Sane Faato
Sarah Pellerin,Sara Pellerin
Savash Mehmet,Savash Mennet
Scott Bryant,Scott Brant
Scott McDuffus,Scott Mcduffus
Sean Connelly,Sean Connelley,Sean Connolly,Sean Conolly
Sean O'Leary,Sean OLeary,Sean Oleary
Sebastian Castro,Sebastion Castro
Selene Mallone,Selene Malone
Sergey Chizhikov,Sergei Chizhikov
Sergy Shadyun,Sergey Shadyun
Shannon McDermott,Shannon Mcdermott
Shantèl Bouthillier,Shantel Bouthillier
Shaunynai Weatherly,Shaunynia Weatherly,Shannynai Weatherly
Shawn O'Halloran,Shawn OHalloran,Shawn OÆHalloran,Shawn Ohalloran
Shelley Colter,Shelly Colter
Shelley Sandiford,Shelley Sandford
Shorty Sadang,Bienvenido Sadang
Sigridur Dagmar Agnarsdottir,Dagmar Agnarsdottir Sigridur
Sonia Manaena,Sonia Maneana
Sophia Veiras,Sophie Veiras
Sophia Woychik,Sophie Woychik,Sophia Waychik
Stacy Dedrick,Stacey Dedrick
Stefanie McMillian,Stephanie McMillian,Stephanie Mcmillian
Stéphane Boissinot,Stephane Boissinot
Stéphane Dussault,Stephane Dussault
Stéphane Gilbert,Stephane Gilbert
Stéphane Houde,Stephane Houde
Stephanie Bomstad,Stephanie Bomstadt
Stephanie Stephens,Stepahnie Stephens
Stephen Schaap,Stephan Schaap
Sterling Winzor,Sterling Winzer
Steve Caron,Steeve Caron
Steve Garrett,Steve Garett,Steve Garret,Steve Gerrett
Steve Janik,Steve Janick
Steve Magistrale,Steve Magistrake
Steve Petrencak,Steve Petrencek,Steve Petroncak
Steven Mickenberg,Steven Mickenburg
Steven Tyrrell,Steven Tyrell
Stuart Jamieson,Jamieson Stuart
Stuart O'Brien,Stuart Obrien
Sue Hallen,Sue Hallan
Sullivan MacLean,Sullivan Maclean
Susan Abbott,Susan Abbot
Susan Maguire,Susan Maquire
Suzanne Bartkiw,Susanne Bartkiw
Suzanne LaForge,Suzanne Laforge
Suzanne MacKiewiez,Suzanne Mackiewiez
Sven Jøran Haugen,Sven Joran Haugen
Svetlana Khlevnenko,Svitlana Khlevnenko
Svetlana Poletaeva,Svetlana Poletayeva
Sylvain Hébert,Sylvain Hebert
Sylvia Nix,Silvia Nix
Synnøve Lund,Synnove Lund
Tanye Lacombe,Tanye LaCombe
Tate Brinkley,Tate Brinkely
Ted de Ment,Ted De Ment
Ted Rutledge,Ted Ruttledge,Ted Ruthledge
Tee Cummins,Tee Cummings,Terry Cummins
Tee Popoola,Tee Puopola
Terel Monroe,Terel Moneroe
Teresa Millynn,Teressa Millynn
Terje Karlsen,Terje Carlsen
Terry Stinchcombe,Terry Stinchombe,Terry Stinchcomb,Terry StinchCombe
Thad Benefield,Thad Benfield
Thomas Hubscher,Tom Hubscher,Thomas Hubsscher
Thomas McGovern,Thomas Mcgovern
Tiffany Ellis,Tiffiany Ellis
Tilman Gallant,Tillman Gallant
Tim Ekert,Tim Eckert
TJ Dunsmoor,T.J. Dunsmoor,T J Dunsmoor
TJ Gerking,T.J. Gerking,Timothy Gerking
TJ Kropp,T.J. Kropp
TJ Sebastian,Tj Sebastian
Todd Olsen,Todd Olson
Tom DeLong,Tom Delong
Tom Getzinger,Tom Getsinger
Tom Martin,Tomas Martin
Tom Nicholls,Tom Nicholl
Tom Stewart,Thomas Stewart
Tommy Hastings,Tommy Hasting
Tony Arakkal,Tony Arakal
Tony Rodenburg,Tony Rodenberg
Tony Rodriguez,Toni Rodriguez
Tony Succarotte,Tony Succarote
Tormod Andersen,Tormod Anderson
Tracy Johnson,Tracey Johnson
Tracy Jones,Tracey Jones
Tracy Payne,Tracey Payne
Travis Campbell,Travis Cambell
Tre Evans,Trey Evans
Trederek Anglin,Tredereck Anglin
Trisha Boyle,Trish Boyle
Tristan Barbare,Tristen Barbare
Tristan Caballero,Tristen Caballero
Tristan Minihan,Tristen Minihan,Tristan Minian
Tyler Crisp,Tyler Chrisp
Tyler Herman,Tyler Hermann
Tyler McFall,Tyler Mcfall
Vahe Missirian,Vahe Misserian
Vaughan Chambers,Vaughn Chambers
Vialeta Kudrevich,VIaleta Kudrevich
Vikki Traugot,Vikki Traugott
Vincent DeMito,Vincent Demito
Vjaceslavs Letlans,Vyacheslav Letlyan
Vladislav Alhazov,Vlad Alhazov
Walid Sadiqi,Walid Sediqi
Walt Forsey,Walter Forsey
Wayne VanNostrand,Wayne Vannostrand
Wendy Yankelitis,Wendy Yankeltis
Will Cresson,William Cresson,Wm. Cresson
William Crozier,Will Crozier
William Valentine,William Valentin
William VanSickle,William Vansickle
Willis McCoy,Willis Mccoy
Wim Van Weenen,Wim Van Weenan,Win Van Weenen
Wyatt Neuman,Wyatt Newman
Xin Hui Yong,XIn Hui Yong
Yolaunda Campbell,Yolanda Campbell
Yulia Shenkarenko,Yuliya Shenkarenko
Yury Belkin,Yuri Belkin,Yuriy Belkin
Yves Brousseau,Yves Brosseau
Zachary Patton,Zach Patton,Zack Patton,Zacary Patton
Zachary Yamamoto,Zachery Yamamoto
Zachery Wales,Zachery Whales,Zachary Whales
Zack Barnwell,Zachery Barnwell,Zachary Barnwell
Zackary Yost,Zachary Yost
Zahir Khudayarov,Zafir Hudoyarov,Zahir Hudayarov
ZaQuavion Golden,Zaquavion Golden
Zeb Jones,Zeb Jone
Ziang Zhang,Jackson Zhang
